{
    "docs": [
        {
            "doc_id": 1,
            "name": "Lee S. Williamson",
            "specialize": "Cardiology",
            "doc_img": "https://i.ibb.co/b6SDFTN/01.jpg"
        },
        {
            "doc_id": 2,
            "name": "Greg S. Grinstead",
            "specialize": "Neurology",
            "doc_img": "https://i.ibb.co/gW26qY2/02.jpg"
        },
        {
            "doc_id": 3,
            "name": "Roger K. Jackson",
            "specialize": "Orthopedics",
            "doc_img": "https://i.ibb.co/hsyxYVj/03.jpg"
        },
        {
            "doc_id": 4,
            "name": "Frank T. Grimsley",
            "specialize": "Neurology",
            "doc_img": "https://i.ibb.co/86xBJSh/04.jpg"
        },
        {
            "doc_id": 5,
            "name": "Rudolph V. Spitler",
            "specialize": "Cardiology",
            "doc_img": "https://i.ibb.co/hWD7NVx/05.jpg"
        },
        {
            "doc_id": 6,
            "name": "Erik R. Faulkner",
            "specialize": "Cardiology",
            "doc_img": "https://i.ibb.co/hYWtLy1/06.jpg"
        },
        {
            "doc_id": 7,
            "name": "Phillip L. Williams",
            "specialize": "Neurology",
            "doc_img": "https://i.ibb.co/dPtTnys/07.jpg"
        },
        {
            "doc_id": 8,
            "name": "Johnny R. Atterberry",
            "specialize": "Orthopedics",
            "doc_img": "https://i.ibb.co/ypmBR9k/08.jpg"
        },
        {
            "doc_id": 9,
            "name": "Michael I. Johnson",
            "specialize": "Medecine",
            "doc_img": "https://i.ibb.co/nj8qcCS/09.jpg"
        }
    ]
}